{
  "Technical": {
    "StimulusType": "Biometrics",
    "FileFormat": "tsv",
    "Equipment": {
      "de": "Stoppuhr, Maßband, Herzfrequenzmesser, Dynamometer",
      "en": "Stopwatch, Measuring Tape, Heart Rate Monitor, Dynamometer"
    },
    "Supervisor": "investigator"
  },
  "Study": {
    "BiometricName": "fitness",
    "OriginalName": {
      "de": "Basis-Fitnessbewertung",
      "en": "Basic Fitness Assessment Battery"
    },
    "Protocol": "Standard Fitness Test Protocol v1.0",
    "Description": {
      "de": "Eine umfassende Fitnessbewertung mit Ausdauer-, Kraft- und Flexibilitätsmessungen",
      "en": "A comprehensive fitness assessment including cardio, strength, and flexibility measures"
    },
    "Instructions": {
      "de": "Führen Sie alle Tests der Reihe nach durch. Pausieren Sie 2 Minuten zwischen den Tests. Sorgen Sie für ein ordentliches Aufwärmen vor Beginn.",
      "en": "Complete all tests in order. Rest 2 minutes between tests. Ensure proper warm-up before starting."
    },
    "Author": "Demo Protocol",
    "Reference": "Demo Reference for PRISM Testing",
    "EstimatedDuration": {
      "de": "30 Minuten",
      "en": "30 minutes"
    },
    "TargetPopulation": {
      "de": "Erwachsene 18-65 Jahre",
      "en": "Adults 18-65 years"
    },
    "ExclusionCriteria": {
      "de": "Akute Erkrankung, Herz-Kreislauf-Erkrankungen, kürzliche Verletzungen",
      "en": "Acute illness, cardiovascular conditions, recent injuries"
    }
  },
  "Metadata": {
    "SchemaVersion": "1.0.0",
    "CreationDate": "2025-12-19",
    "Creator": "Prism Demo Generator"
  },
  "I18n": {
    "Languages": ["de", "en"],
    "DefaultLanguage": "en",
    "Note": "Multilingual demo template for testing purposes"
  },
  "resting_hr": {
    "Description": {
      "de": "Ruheherzfrequenz gemessen nach 5 Minuten sitzender Ruhe",
      "en": "Resting heart rate measured after 5 minutes of seated rest"
    },
    "Units": "bpm",
    "NormalRange": {
      "min": 60,
      "max": 100
    }
  },
  "plank_duration": {
    "Description": {
      "de": "Maximale Dauer im Standard-Unterarmstütz",
      "en": "Maximum duration holding a standard plank position"
    },
    "Units": "seconds",
    "NormalRange": {
      "min": 30,
      "max": 120
    }
  },
  "sit_and_reach": {
    "Description": {
      "de": "Flexibilitätsmessung mittels Sit-and-Reach-Test",
      "en": "Flexibility measure using sit-and-reach test"
    },
    "Units": "cm",
    "NormalRange": {
      "min": 0,
      "max": 30
    }
  },
  "step_test_hr": {
    "Description": {
      "de": "Herzfrequenz unmittelbar nach dem 3-Minuten-Stufentest",
      "en": "Heart rate immediately after 3-minute step test"
    },
    "Units": "bpm"
  },
  "grip_strength_left": {
    "Description": {
      "de": "Maximale Griffstärke mit der linken Hand mittels Dynamometer",
      "en": "Maximum grip strength with left hand using dynamometer"
    },
    "Units": "kg"
  },
  "grip_strength_right": {
    "Description": {
      "de": "Maximale Griffstärke mit der rechten Hand mittels Dynamometer",
      "en": "Maximum grip strength with right hand using dynamometer"
    },
    "Units": "kg"
  },
  "recovery_hr_1min": {
    "Description": {
      "de": "Herzfrequenz 1 Minute nach Beendigung des Stufentests",
      "en": "Heart rate 1 minute after step test completion"
    },
    "Units": "bpm"
  }
}
