{
  "Technical": {
    "StimulusType": "Questionnaire",
    "FileFormat": "tsv",
    "SoftwarePlatform": "Generic",
    "Language": "en",
    "Respondent": "self"
  },
  "Study": {
    "TaskName": "wellbeing",
    "OriginalName": {
      "de": "Wohlbefindens-Kurzskala",
      "en": "Well-Being Short Scale"
    },
    "Version": "Demo 1.0",
    "Description": {
      "de": "5-Item Fragebogen zur Erfassung des allgemeinen Wohlbefindens (Demo-Daten)",
      "en": "5-item questionnaire measuring general well-being (demo data)"
    },
    "Citation": "Demo Questionnaire for PRISM Testing"
  },
  "Metadata": {
    "SchemaVersion": "1.0.0",
    "CreationDate": "2025-12-19",
    "Creator": "Prism Demo Generator"
  },
  "I18n": {
    "Languages": ["de", "en"],
    "DefaultLanguage": "en",
    "Note": "Multilingual demo template for testing purposes"
  },
  "WB01": {
    "Description": {
      "de": "Wie zufrieden sind Sie im Allgemeinen mit Ihrem Leben?",
      "en": "In general, how satisfied are you with your life?"
    },
    "Levels": {
      "1": {
        "de": "Überhaupt nicht zufrieden",
        "en": "Not at all satisfied"
      },
      "2": {
        "de": "Wenig zufrieden",
        "en": "Slightly satisfied"
      },
      "3": {
        "de": "Mäßig zufrieden",
        "en": "Moderately satisfied"
      },
      "4": {
        "de": "Sehr zufrieden",
        "en": "Very satisfied"
      },
      "5": {
        "de": "Äußerst zufrieden",
        "en": "Extremely satisfied"
      }
    },
    "Units": "ordinal"
  },
  "WB02": {
    "Description": {
      "de": "Wie oft fühlen Sie sich glücklich?",
      "en": "How often do you feel happy?"
    },
    "Levels": {
      "1": {
        "de": "Nie",
        "en": "Never"
      },
      "2": {
        "de": "Selten",
        "en": "Rarely"
      },
      "3": {
        "de": "Manchmal",
        "en": "Sometimes"
      },
      "4": {
        "de": "Oft",
        "en": "Often"
      },
      "5": {
        "de": "Immer",
        "en": "Always"
      }
    },
    "Units": "ordinal"
  },
  "WB03": {
    "Description": {
      "de": "Wie würden Sie Ihr aktuelles Stressniveau einschätzen?",
      "en": "How would you rate your current stress level?"
    },
    "Levels": {
      "1": {
        "de": "Kein Stress",
        "en": "No stress"
      },
      "2": {
        "de": "Wenig Stress",
        "en": "Low stress"
      },
      "3": {
        "de": "Mäßiger Stress",
        "en": "Moderate stress"
      },
      "4": {
        "de": "Hoher Stress",
        "en": "High stress"
      },
      "5": {
        "de": "Sehr hoher Stress",
        "en": "Very high stress"
      }
    },
    "Units": "ordinal",
    "Scoring": {
      "Note": "This item is reverse-scored for the positive well-being subscale"
    }
  },
  "WB04": {
    "Description": {
      "de": "Wie energiegeladen fühlen Sie sich an den meisten Tagen?",
      "en": "How energetic do you feel on most days?"
    },
    "Levels": {
      "1": {
        "de": "Überhaupt nicht energiegeladen",
        "en": "Not at all energetic"
      },
      "2": {
        "de": "Wenig energiegeladen",
        "en": "Slightly energetic"
      },
      "3": {
        "de": "Mäßig energiegeladen",
        "en": "Moderately energetic"
      },
      "4": {
        "de": "Sehr energiegeladen",
        "en": "Very energetic"
      },
      "5": {
        "de": "Äußerst energiegeladen",
        "en": "Extremely energetic"
      }
    },
    "Units": "ordinal"
  },
  "WB05": {
    "Description": {
      "de": "Wie zufrieden sind Sie mit Ihrer Schlafqualität?",
      "en": "How satisfied are you with your sleep quality?"
    },
    "Levels": {
      "1": {
        "de": "Überhaupt nicht zufrieden",
        "en": "Not at all satisfied"
      },
      "2": {
        "de": "Wenig zufrieden",
        "en": "Slightly satisfied"
      },
      "3": {
        "de": "Mäßig zufrieden",
        "en": "Moderately satisfied"
      },
      "4": {
        "de": "Sehr zufrieden",
        "en": "Very satisfied"
      },
      "5": {
        "de": "Äußerst zufrieden",
        "en": "Extremely satisfied"
      }
    },
    "Units": "ordinal"
  }
}
