{
  "Technical": {
    "StimulusType": "Questionnaire",
    "FileFormat": "tsv",
    "SoftwarePlatform": "PRISM",
    "Language": "en",
    "Respondent": "self",
    "ResponseType": [
      "web"
    ]
  },
  "Study": {
    "TaskName": "participants",
    "OriginalName": {
      "en": "Master Sociodemographics Template",
      "de": "Master-Vorlage Soziodemographie"
    },
    "Description": {
      "en": "A comprehensive collection of sociodemographic items for participants.tsv.",
      "de": "Eine umfassende Sammlung soziodemographischer Items für die participants.tsv."
    }
  },
  "Metadata": {
    "SchemaVersion": "1.1.0",
    "Creator": "PRISM AI"
  },
  "I18n": {
    "Languages": [
      "en",
      "de"
    ]
  },
  "participant_id": {
    "Description": {
      "en": "Unique participant identifier (BIDS sub- label)",
      "de": "Eindeutige Teilnehmer-ID (BIDS sub- Label)"
    }
  },
  "age": {
    "Description": {
      "en": "Age of participant in years at the time of data collection",
      "de": "Alter des Teilnehmers in Jahren zum Zeitpunkt der Datenerhebung"
    },
    "Units": "years",
    "MinValue": 0,
    "MaxValue": 120
  },
  "sex": {
    "Description": {
      "en": "Biological sex of the participant",
      "de": "Biologisches Geschlecht des Teilnehmers"
    },
    "Levels": {
      "m": {
        "en": "male",
        "de": "männlich"
      },
      "f": {
        "en": "female",
        "de": "weiblich"
      },
      "o": {
        "en": "other",
        "de": "andere"
      }
    }
  },
  "gender": {
    "Description": {
      "en": "Self-identified gender identity",
      "de": "Selbstidentifizierte Geschlechtsidentität"
    },
    "Levels": {
      "man": {
        "en": "Man",
        "de": "Mann"
      },
      "woman": {
        "en": "Woman",
        "de": "Frau"
      },
      "nonbinary": {
        "en": "Non-binary",
        "de": "Nicht-binär"
      },
      "other": {
        "en": "Other",
        "de": "Anderes"
      },
      "pnts": {
        "en": "Prefer not to say",
        "de": "Keine Angabe"
      }
    }
  },
  "handedness": {
    "Description": {
      "en": "Dominant hand of the participant",
      "de": "Händigkeit des Teilnehmers"
    },
    "Levels": {
      "r": {
        "en": "right-handed",
        "de": "Rechtshänder"
      },
      "l": {
        "en": "left-handed",
        "de": "Linkshänder"
      },
      "a": {
        "en": "ambidextrous",
        "de": "Beidhänder"
      }
    }
  },
  "education_level": {
    "Description": {
      "en": "Highest level of education completed (ISCED 2011)",
      "de": "Höchster Bildungsabschluss (ISCED 2011)"
    },
    "Levels": {
      "0": {
        "en": "Early childhood education",
        "de": "Frühkindliche Bildung"
      },
      "1": {
        "en": "Primary education",
        "de": "Primarbereich (Grundschule)"
      },
      "2": {
        "en": "Lower secondary education",
        "de": "Sekundarbereich I"
      },
      "3": {
        "en": "Upper secondary education",
        "de": "Sekundarbereich II"
      },
      "4": {
        "en": "Post-secondary non-tertiary education",
        "de": "Postsekundarer nicht-tertiärer Bereich"
      },
      "5": {
        "en": "Short-cycle tertiary education",
        "de": "Kurzes tertiäres Studium"
      },
      "6": {
        "en": "Bachelor or equivalent",
        "de": "Bachelor oder gleichwertig"
      },
      "7": {
        "en": "Master or equivalent",
        "de": "Master oder gleichwertig"
      },
      "8": {
        "en": "Doctoral or equivalent",
        "de": "Promotion oder gleichwertig"
      }
    }
  },
  "education_years": {
    "Description": {
      "en": "Total number of years in formal education",
      "de": "Gesamtanzahl der Jahre in formaler Ausbildung"
    },
    "Units": "years"
  },
  "employment_status": {
    "Description": {
      "en": "Current primary employment status",
      "de": "Aktueller primärer Erwerbsstatus"
    },
    "Levels": {
      "full": {
        "en": "Employed full-time",
        "de": "Vollzeit berufstätig"
      },
      "part": {
        "en": "Employed part-time",
        "de": "Teilzeit berufstätig"
      },
      "self": {
        "en": "Self-employed",
        "de": "Selbstständig"
      },
      "student": {
        "en": "Student / In training",
        "de": "Student / in Ausbildung"
      },
      "unemp": {
        "en": "Unemployed",
        "de": "Arbeitslos"
      },
      "retired": {
        "en": "Retired",
        "de": "Im Ruhestand"
      },
      "other": {
        "en": "Other",
        "de": "Sonstiges"
      }
    }
  },
  "marital_status": {
    "Description": {
      "en": "Current marital or partnership status",
      "de": "Aktueller Familienstand"
    },
    "Levels": {
      "single": {
        "en": "Single",
        "de": "Ledig"
      },
      "married": {
        "en": "Married / Registered partnership",
        "de": "Verheiratet / Eingetragene Partnerschaft"
      },
      "divorced": {
        "en": "Divorced / Separated",
        "de": "Geschieden / Getrennt lebend"
      },
      "widowed": {
        "en": "Widowed",
        "de": "Verwitwet"
      },
      "other": {
        "en": "Other",
        "de": "Sonstiges"
      }
    }
  },
  "native_language": {
    "Description": {
      "en": "Native language (ISO 639-1 code, e.g., 'en', 'de')",
      "de": "Muttersprache (ISO 639-1 Code, z.B. 'de', 'en')"
    }
  },
  "vision": {
    "Description": {
      "en": "Self-reported visual acuity",
      "de": "Selbstberichtetes Sehvermögen"
    },
    "Levels": {
      "normal": {
        "en": "Normal vision",
        "de": "Normales Sehvermögen"
      },
      "corrected": {
        "en": "Corrected-to-normal (glasses/lenses)",
        "de": "Korrigiertes Sehvermögen (Brille/Linsen)"
      },
      "impaired": {
        "en": "Visually impaired",
        "de": "Sehbehindert"
      }
    }
  },
  "hearing": {
    "Description": {
      "en": "Self-reported hearing ability",
      "de": "Selbstberichtetes Hörvermögen"
    },
    "Levels": {
      "normal": {
        "en": "Normal hearing",
        "de": "Normales Hörvermögen"
      },
      "impaired": {
        "en": "Hearing impaired",
        "de": "Hörgeschädigt"
      }
    }
  },
  "height": {
    "Description": {
      "en": "Body height in centimeters",
      "de": "Körpergröße in Zentimetern"
    },
    "Units": "cm"
  },
  "weight": {
    "Description": {
      "en": "Body weight in kilograms",
      "de": "Körpergewicht in Kilogramm"
    },
    "Units": "kg"
  },
  "smoking_status": {
    "Description": {
      "en": "History of tobacco smoking",
      "de": "Raucheranamnese"
    },
    "Levels": {
      "never": {
        "en": "Never smoked",
        "de": "Nie geraucht"
      },
      "former": {
        "en": "Former smoker",
        "de": "Ehemaliger Raucher"
      },
      "current": {
        "en": "Current smoker",
        "de": "Aktueller Raucher"
      }
    }
  },
  "alcohol_consumption": {
    "Description": {
      "en": "Frequency of alcohol consumption",
      "de": "Häufigkeit des Alkoholkonsums"
    },
    "Levels": {
      "never": {
        "en": "Never",
        "de": "Nie"
      },
      "monthly": {
        "en": "Monthly or less",
        "de": "Einmal im Monat oder seltener"
      },
      "weekly": {
        "en": "2-4 times a month / weekly",
        "de": "2-4 Mal im Monat / wöchentlich"
      },
      "daily": {
        "en": "2-3 times a week or more / daily",
        "de": "2-3 Mal pro Woche oder häufiger / täglich"
      }
    }
  },
  "ethnicity": {
    "Description": {
      "en": "Self-identified ethnic background",
      "de": "Selbstidentifizierter ethnischer Hintergrund"
    },
    "Levels": {
      "white": {
        "en": "White / Caucasian",
        "de": "Weiß / Kaukasisch"
      },
      "black": {
        "en": "Black / African American",
        "de": "Schwarz / Afroamerikanisch"
      },
      "asian": {
        "en": "Asian",
        "de": "Asiatisch"
      },
      "hispanic": {
        "en": "Hispanic / Latino",
        "de": "Hispanisch / Latino"
      },
      "mixed": {
        "en": "Mixed / Multiple backgrounds",
        "de": "Gemischt / Mehrere Hintergründe"
      },
      "other": {
        "en": "Other",
        "de": "Anderes"
      },
      "pnts": {
        "en": "Prefer not to say",
        "de": "Keine Angabe"
      }
    }
  },
  "income_bracket": {
    "Description": {
      "en": "Annual household gross income",
      "de": "Jährliches Brutto-Haushaltseinkommen"
    },
    "Levels": {
      "1": {
        "en": "Less than 20,000 €",
        "de": "Weniger als 20.000 €"
      },
      "2": {
        "en": "20,000 - 40,000 €",
        "de": "20.000 - 40.000 €"
      },
      "3": {
        "en": "40,000 - 60,000 €",
        "de": "40.000 - 60.000 €"
      },
      "4": {
        "en": "60,000 - 80,000 €",
        "de": "60.000 - 80.000 €"
      },
      "5": {
        "en": "80,000 - 100,000 €",
        "de": "80.000 - 100.000 €"
      },
      "6": {
        "en": "More than 100,000 €",
        "de": "Mehr als 100.000 €"
      },
      "pnts": {
        "en": "Prefer not to say",
        "de": "Keine Angabe"
      }
    }
  },
  "residence_type": {
    "Description": {
      "en": "Type of residential area",
      "de": "Art des Wohngebiets"
    },
    "Levels": {
      "urban": {
        "en": "Urban / City",
        "de": "Städtisch / Stadt"
      },
      "suburban": {
        "en": "Suburban",
        "de": "Vorstädtisch"
      },
      "rural": {
        "en": "Rural / Village",
        "de": "Ländlich / Dorf"
      }
    }
  },
  "physical_activity": {
    "Description": {
      "en": "Frequency of moderate to vigorous physical activity",
      "de": "Häufigkeit von mäßiger bis intensiver körperlicher Aktivität"
    },
    "Levels": {
      "none": {
        "en": "None",
        "de": "Keine"
      },
      "rare": {
        "en": "Rarely (less than once a week)",
        "de": "Selten (weniger als einmal pro Woche)"
      },
      "occasional": {
        "en": "1-2 times a week",
        "de": "1-2 Mal pro Woche"
      },
      "regular": {
        "en": "3-5 times a week",
        "de": "3-5 Mal pro Woche"
      },
      "daily": {
        "en": "Daily",
        "de": "Täglich"
      }
    }
  }
}
